Datetime,Water Level (m)
2026-04-18 12:00:00,0.738859
2026-04-18 13:00:00,0.5606024
2026-04-18 14:00:00,0.35631308
2026-04-18 15:00:00,0.14635755
2026-04-18 16:00:00,-0.062245514
2026-04-18 17:00:00,-0.2545782
2026-04-18 18:00:00,-0.38085335
2026-04-18 19:00:00,-0.22668299
2026-04-18 20:00:00,0.013709215
2026-04-18 21:00:00,0.32803822
2026-04-18 22:00:00,0.57407135
2026-04-18 23:00:00,0.70900315
2026-04-19 00:00:00,0.6292611
2026-04-19 01:00:00,0.47205788
2026-04-19 02:00:00,0.288915
2026-04-19 03:00:00,0.099168584
2026-04-19 04:00:00,-0.09272604
2026-04-19 05:00:00,-0.28867567
2026-04-19 06:00:00,-0.4248822
2026-04-19 07:00:00,-0.2987066
2026-04-19 08:00:00,0.002407207
2026-04-19 09:00:00,0.3454984
2026-04-19 10:00:00,0.6750301
2026-04-19 11:00:00,0.92090124
2026-04-19 12:00:00,0.98804665
2026-04-19 13:00:00,0.85172373
2026-04-19 14:00:00,0.66823286
2026-04-19 15:00:00,0.45826098
2026-04-19 16:00:00,0.23634103
2026-04-19 17:00:00,0.009822637
2026-04-19 18:00:00,-0.17733009
2026-04-19 19:00:00,-0.26367176
2026-04-19 20:00:00,-0.036401294
2026-04-19 21:00:00,0.1920446
2026-04-19 22:00:00,0.49317276
2026-04-19 23:00:00,0.66985816
2026-04-20 00:00:00,0.7141964
2026-04-20 01:00:00,0.5879743
2026-04-20 02:00:00,0.42863834
2026-04-20 03:00:00,0.2469982
2026-04-20 04:00:00,0.06367954
2026-04-20 05:00:00,-0.12201076
2026-04-20 06:00:00,-0.29231265
2026-04-20 07:00:00,-0.36482736
2026-04-20 08:00:00,-0.117565505
2026-04-20 09:00:00,0.14032638
2026-04-20 10:00:00,0.50633514
2026-04-20 11:00:00,0.793165
2026-04-20 12:00:00,1.0079854
2026-04-20 13:00:00,1.0101409
2026-04-20 14:00:00,0.85312223
2026-04-20 15:00:00,0.66276586
2026-04-20 16:00:00,0.45720497
2026-04-20 17:00:00,0.23893487
2026-04-20 18:00:00,0.025408847
2026-04-20 19:00:00,-0.13583146
2026-04-20 20:00:00,-0.10852247
2026-04-20 21:00:00,0.12721162
2026-04-20 22:00:00,0.3415982
2026-04-20 23:00:00,0.5797149
2026-04-21 00:00:00,0.71907115
2026-04-21 01:00:00,0.7079756
2026-04-21 02:00:00,0.5745681
2026-04-21 03:00:00,0.41741812
2026-04-21 04:00:00,0.24585332
2026-04-21 05:00:00,0.070159756
2026-04-21 06:00:00,-0.10933829
2026-04-21 07:00:00,-0.25424245
2026-04-21 08:00:00,-0.20098947
2026-04-21 09:00:00,0.06144127
2026-04-21 10:00:00,0.3254143
2026-04-21 11:00:00,0.6413039
2026-04-21 12:00:00,0.8873052
2026-04-21 13:00:00,1.0426972
2026-04-21 14:00:00,0.9819017
2026-04-21 15:00:00,0.829067
2026-04-21 16:00:00,0.64563954
2026-04-21 17:00:00,0.4507405
2026-04-21 18:00:00,0.23754838
2026-04-21 19:00:00,0.03726616
2026-04-21 20:00:00,-0.0858631
2026-04-21 21:00:00,0.017994588
2026-04-21 22:00:00,0.19845197
2026-04-21 23:00:00,0.38595468
2026-04-22 00:00:00,0.54468703
2026-04-22 01:00:00,0.6308811
2026-04-22 02:00:00,0.57487786
2026-04-22 03:00:00,0.4628823
2026-04-22 04:00:00,0.32619244
2026-04-22 05:00:00,0.17246579
2026-04-22 06:00:00,0.011922926
2026-04-22 07:00:00,-0.14455736
2026-04-22 08:00:00,-0.23491944
2026-04-22 09:00:00,-0.08082631
2026-04-22 10:00:00,0.1229108
2026-04-22 11:00:00,0.37941918
2026-04-22 12:00:00,0.6269812
2026-04-22 13:00:00,0.8461088
2026-04-22 14:00:00,0.95842177
2026-04-22 15:00:00,0.87888986
2026-04-22 16:00:00,0.73494685
2026-04-22 17:00:00,0.56441534
2026-04-22 18:00:00,0.3791723
2026-04-22 19:00:00,0.18256748
2026-04-22 20:00:00,0.0018502094
2026-04-22 21:00:00,-0.096052766
2026-04-22 22:00:00,-0.021020893
2026-04-22 23:00:00,0.1208853
2026-04-23 00:00:00,0.26555857
2026-04-23 01:00:00,0.38605472
2026-04-23 02:00:00,0.44699976
2026-04-23 03:00:00,0.39835835
2026-04-23 04:00:00,0.30990294
2026-04-23 05:00:00,0.19305332
2026-04-23 06:00:00,0.06082238
2026-04-23 07:00:00,-0.078883074
2026-04-23 08:00:00,-0.2093094
2026-04-23 09:00:00,-0.2561535
2026-04-23 10:00:00,-0.08652818
2026-04-23 11:00:00,0.08140589
2026-04-23 12:00:00,0.2952112
2026-04-23 13:00:00,0.4906017
2026-04-23 14:00:00,0.6719659
2026-04-23 15:00:00,0.760442
2026-04-23 16:00:00,0.688789
2026-04-23 17:00:00,0.5601616
2026-04-23 18:00:00,0.4016438
2026-04-23 19:00:00,0.23324344
2026-04-23 20:00:00,0.057975277
2026-04-23 21:00:00,-0.106405154
2026-04-23 22:00:00,-0.22213727
2026-04-23 23:00:00,-0.22690298
2026-04-24 00:00:00,-0.09915462
2026-04-24 01:00:00,0.01648722
2026-04-24 02:00:00,0.15025286
2026-04-24 03:00:00,0.25631392
2026-04-24 04:00:00,0.29154375
2026-04-24 05:00:00,0.22874166
2026-04-24 06:00:00,0.14364378
2026-04-24 07:00:00,0.040726926
2026-04-24 08:00:00,-0.07339634
2026-04-24 09:00:00,-0.17998049
2026-04-24 10:00:00,-0.22543369
2026-04-24 11:00:00,-0.10089303
2026-04-24 12:00:00,0.042045616
